tweet,date,comments,shares,likes,views,language
"Greenpeace co-founder, Dr. Patrick Moore: ""I am firmly of the belief that the future will show that this whole hysteria over climate  change was a complete fabrication.""",2024-05-22T08:05:27.000Z,330.0,12000.0,34000.0,1000000.0,en
"Greenpeace co-founder, Dr. Patrick Moore: ""I am firmly of the belief that the future will show that this whole hysteria over climate change was a complete fabrication.""",2024-05-22T08:05:27.000Z,330.0,12000.0,34000.0,1200000.0,en
"CO2 is plant food, not ""pollution"". Retweet if you agree!Available here: https:// imate-change-t-shirts?page=1&sort_by=best-selling … Use discount code TWITTER15 for 15% off your order!",2024-05-22T09:25:01.000Z,13.0,131.0,336.0,20000.0,en
It's called whether.  SMH.,2024-05-22T08:15:09.000Z,5.0,34.0,105.0,7000.0,en
It started looong ago…,2024-05-22T08:15:54.000Z,3.0,10.0,24.0,5000.0,en
"It is amazing to me that so many people have embraced the climate change agenda on face value. Especially when we live in a time were very powerful forces control what we hear, read, believe and to some degree...think. That said, it would be disingenuous to suggest human",2024-05-22T12:59:09.000Z,2.0,1.0,15.0,2000.0,en
"Climate catastrophism is a proven* secular religion; it left all science behind decades ago, even the mainstream.Net Zero is its 'salvation' narrative, & as such an irrational millenarian dream.Yet pushed relentlessly by elites, this belief system has millions of adherents!* Climate catastrophism is a proven* secular religion; it left all science behind decades ago, even the mainstream .Net Zero is its 'salvation' narrative, & as such an irrational millenarian dream.Yet pushed relentlessly by elites, this belief system has millions of adherents!*",2024-05-22T08:12:36.000Z,1.0,12.0,63.0,5000.0,en
These kinds of posts should not be permitted on X. They do not align with Government truth and they endanger true freedom of speech.,2024-05-22T17:42:19.000Z,1.0,,16.0,805.0,en
They use fear to control the masses.  One must recognize the pattern.,2024-05-22T16:45:52.000Z,,2.0,12.0,441.0,en
"CO2 is plant food, not ""pollution"". Retweet if you agree!Available here: https:// imate-change-t-shirts?page=1&sort_by=best-selling … Use discount code TWITTER15 for 15% off your order!",2024-05-22T09:25:01.000Z,131.0,336.0,20000.0,13.0,en
It's called whether.  SMH.,2024-05-22T08:15:09.000Z,5.0,34.0,105.0,7000.0,en
It started looong ago…,2024-05-22T08:15:54.000Z,3.0,10.0,24.0,5000.0,en
"It is amazing to me that so many people have embraced the climate change agenda on face value. Especially when we live in a time were very powerful forces control what we hear, read, believe and to some degree...think. That said, it would be disingenuous to suggest human",2024-05-22T12:59:09.000Z,2.0,1.0,15.0,2000.0,en
"Climate catastrophism is a proven* secular religion; it left all science behind decades ago, even the mainstream.Net Zero is its 'salvation' narrative, & as such an irrational millenarian dream.Yet pushed relentlessly by elites, this belief system has millions of adherents!* Climate catastrophism is a proven* secular religion; it left all science behind decades ago, even the mainstream .Net Zero is its 'salvation' narrative, & as such an irrational millenarian dream.Yet pushed relentlessly by elites, this belief system has millions of adherents!*",2024-05-22T08:12:36.000Z,1.0,12.0,63.0,5000.0,en
These kinds of posts should not be permitted on X. They do not align with Government truth and they endanger true freedom of speech.,2024-05-22T17:42:19.000Z,1.0,,16.0,805.0,en
They use fear to control the masses.  One must recognize the pattern.,2024-05-22T16:45:52.000Z,,2.0,12.0,441.0,en
"I'd seen a discussion of the infrared absorption capacity of CO2, and that the rate of absorption decreases exponentially with increasing CO2 levels.The point was that the IR absorption capacity of CO2 is nearly maxed out at current levels, and adding extra CO2 will only cause",2024-05-22T16:30:31.000Z,5.0,1.0,2.0,2000.0,en
Climate change is felt by every living thing on earth,2024-05-22T14:31:19.000Z,2.0,,1.0,564.0,en
"This article, on the same topic, worth a read too. https:// e-climate-change-hoax …",2024-05-22T10:23:17.000Z,1.0,4.0,9.0,2000.0,en
"Here's some further context you may find useful.""These alternatives to energy, wind and solar, actually destroy plant life.""Geologist, Prof. Ian Plimer, dispels the myth that wind turbines and solar panels are in any way ""green"" or ""environmentally-friendly"".""Solar panels",2024-05-22T08:28:16.000Z,3.0,22.0,81.0,6000.0,en
"His book is fantastic, a real eye opener on how the establishment hijacked the  green peace ideology",2024-05-22T10:05:44.000Z,3.0,5.0,34.0,2000.0,en
He didn't co-found Greenpeace. That's another one of his lies.,2024-05-22T15:00:20.000Z,5.0,1.0,5.0,1000.0,en
"Whatever goodwill was left towards the climate change agenda got used up by the blatant govt corruption both during and since COVID. Everyone knows it's the same players, just a different swindle.",2024-05-23T04:29:43.000Z,,2.0,8.0,457.0,en
@ezdubs_bot english french,2024-05-22T15:01:06.000Z,1.0,,,926.0,en
"Duh, the future is now. It already has shows it as a complete fabrication.",2024-05-22T13:55:14.000Z,1.0,,4.0,1000.0,en
Amen Doc.,2024-05-22T12:46:39.000Z,,,2.0,787.0,en
I CO2 and Plants do too,2024-05-22T14:07:14.000Z,1.0,2.0,9.0,610.0,en
That is a huge admission of TRUTH from a very knowledgeable & influential person.,2024-05-22T16:51:56.000Z,1.0,,5.0,745.0,en
"I second that, today!",2024-05-23T00:36:29.000Z,,,,323.0,en
"Yes, it is.",2024-05-22T14:47:11.000Z,,,,704.0,en
Bingo,2024-05-22T19:57:54.000Z,,,1.0,458.0,en
FACTS  ,2024-05-22T16:44:17.000Z,,,1.0,433.0,en
A worthy purpose derailed by fanatics.,2024-05-22T23:41:33.000Z,,1.0,2.0,244.0,en
Just another Grift on the Public! Climate Scam.,2024-05-22T09:29:56.000Z,,,,177.0,en
Don’t look up.,2024-05-22T09:49:10.000Z,,,,1000.0,en
History is written by the victor. If it’s all pans out. It won’t matter. There will be no ‘history’.,2024-05-22T08:13:43.000Z,,1.0,5.0,2000.0,en
He didn't co-found Greenpeace. That's another one of his lies.,2024-05-22T15:00:20.000Z,5.0,1.0,5.0,1000.0,en
"Whatever goodwill was left towards the climate change agenda got used up by the blatant govt corruption both during and since COVID. Everyone knows it's the same players, just a different swindle.",2024-05-23T04:29:43.000Z,,2.0,8.0,457.0,en
@ezdubs_bot english french,2024-05-22T15:01:06.000Z,1.0,,,926.0,en
"Duh, the future is now. It already has shows it as a complete fabrication.",2024-05-22T13:55:14.000Z,1.0,,4.0,1000.0,en
Amen Doc.,2024-05-22T12:46:39.000Z,,,2.0,787.0,en
I CO2 and Plants do too,2024-05-22T14:07:14.000Z,1.0,2.0,9.0,610.0,en
That is a huge admission of TRUTH from a very knowledgeable & influential person.,2024-05-22T16:51:56.000Z,1.0,,5.0,745.0,en
"I second that, today!",2024-05-23T00:36:29.000Z,,,,323.0,en
"Yes, it is.",2024-05-22T14:47:11.000Z,,,,704.0,en
Bingo,2024-05-22T19:57:54.000Z,,,1.0,458.0,en
FACTS  ,2024-05-22T16:44:17.000Z,,,1.0,433.0,en
A worthy purpose derailed by fanatics.,2024-05-22T23:41:33.000Z,,1.0,2.0,244.0,en
Just another Grift on the Public! Climate Scam.,2024-05-22T09:29:56.000Z,,,,177.0,en
Don’t look up.,2024-05-22T09:49:10.000Z,,,,1000.0,en
History is written by the victor. If it’s all pans out. It won’t matter. There will be no ‘history’.,2024-05-22T08:13:43.000Z,,1.0,5.0,2000.0,en
interesting,2024-05-23T13:47:31.000Z,,,,118.0,en
Truth,2024-05-22T14:09:11.000Z,,,2.0,647.0,en
Do tell.,2024-05-22T15:18:54.000Z,,,,521.0,en
What about the whales Being killed by wind farms in the ocean? I remember when Greenpeace cared about the whales!,2024-05-23T15:31:13.000Z,,,1.0,132.0,en
,2024-05-22T08:15:54.000Z,,,2.0,1000.0,en
,2024-05-23T10:48:28.000Z,,,,93.0,en
Exactly,2024-05-22T12:52:41.000Z,,,1.0,493.0,en
Of course.,2024-05-22T13:56:16.000Z,,,1.0,290.0,en
Not if they win.,2024-05-22T11:49:37.000Z,,,1.0,441.0,en
"It appears the Sun is the main driver of temperature. CO2 on Mars 950,000ppm Average Temperature -53 C annual solar irradiance 590 W/m2 CO2 on Earth 400ppm Average Temperature 15 C annual solar irradiance 1000 W/m2 CO2 on Venus 30,000ppm Average Temperature 465 C annual solar",2024-05-23T02:11:49.000Z,1.0,1.0,4.0,236.0,en
Yep,2024-05-22T13:52:11.000Z,,,1.0,388.0,en
The doctor is right.,2024-05-22T18:37:11.000Z,,,1.0,157.0,en
"It appears the Sun is the main driver of temperature. CO2 on Mars 950,000ppm Average Temperature -53 C annual solar irradiance 590 W/m2 CO2 on Earth 400ppm Average Temperature 15 C annual solar irradiance 1000 W/m2 CO2 on Venus 30,000ppm Average Temperature 465 C annual solar",2024-05-23T02:11:49.000Z,1.0,4.0,236.0,1.0,en
Yep,2024-05-22T13:52:11.000Z,,,1.0,388.0,en
The doctor is right.,2024-05-22T18:37:11.000Z,,,1.0,157.0,en
@Ofcom in relation to the ITN and SKYNEWS nonsense.,2024-05-22T12:15:03.000Z,,,1.0,422.0,en
globalcooling/globalwarming/climatechange is a hoax..,2024-05-22T14:39:58.000Z,,3.0,5.0,291.0,en
"I believe it is Chinese propaganda, akin to what Russia's stance on fracking was.",2024-05-23T18:53:28.000Z,,,,58.0,en
"The Vacuity of Climate Scienceby The Vacuity of Climate Science by @DaleCloudyman @DaleCloudyman @DaleCloudyman , published by , published by @CAmericain_mag @CAmericain_mag @CAmericain_mag “The era of global boiling has arrived”, stated Antonio Guterres at a July press conference last year. This proclamation by the Secretary-General of the United Nations was representative of the marked “The era of global boiling has arrived”, stated Antonio Guterres at a July press conference last year. This proclamation by the Secretary-General of the United Nations was representative of the marked",2024-05-23T05:15:59.000Z,,,1.0,123.0,en
And what are the real world results of their fabrication? Did people suffer and die because of it?,2024-05-22T21:52:16.000Z,2.0,,,131.0,en
This man is a long discredited liar who Greenpeace call out and highlight his paid position by polluting industries.,2024-05-22T09:50:30.000Z,3.0,1.0,4.0,473.0,en
Without a doubt.  Future history will show this to be true. EVs are one of the least impactful initiatives on CO2 levels but receive a hideous amount of public funds.,2024-05-24T01:08:04.000Z,1.0,,1.0,18.0,en
Yes but Dr Patrick Moore is still a fraud. How can people forget the roundup video of him.,2024-05-22T08:12:55.000Z,1.0,,8.0,505.0,en
"And regenerative agriculture solves soil erosion, which is what everyone is missing from the CO2 problem. Why can't we multi task? I thought we were trying to be good consumers, what is regenerative agriculture?",2024-05-22T19:14:10.000Z,,,,48.0,en
"Quoting attention-seekers espousing ridiculous pseudoscience ideology and wrongly claiming themselves to be ""Greenpeace (co)-founders"" seems to be its whole own genre with you people. How many does this make? There must be hundreds by now!",2024-05-22T11:56:20.000Z,,,,22.0,en
The present shows it.,2024-05-23T01:14:18.000Z,,,,15.0,en
"And people get to see this in the background.That's water vapour, NOT CO2!",2024-05-23T13:43:03.000Z,,,2.0,17.0,en
"The point of a Green House, is to HELP plants grow Properly... So how is that a bad thing?",2024-05-23T00:01:53.000Z,,,,14.0,en
"heard the same from my good friend who does plant botanist. Thanks for speaking out DR Patrick. Never the less the start of the new economy was created "" green industrial revolution""",2024-05-22T12:50:18.000Z,,,,81.0,en
"Indeed, @EcoSenseNow and I believe it makes absolutely no sense trying to demonstrate alleged climate change attributed to anthropogenic CO2 (by an unverified model), by using daily weather variability of which little to no knowledge exists.",2024-05-22T09:18:49.000Z,,1.0,4.0,361.0,en
"Completely agree. CO2 is plant food. No plants, no human life. Simple.",2024-05-22T10:44:00.000Z,2.0,,4.0,206.0,en
"And regenerative agriculture solves soil erosion, which is what everyone is missing from the CO2 problem. Why can't we multi task? I thought we were trying to be good consumers, what is regenerative agriculture?",2024-05-22T19:14:10.000Z,,,,48.0,en
"Quoting attention-seekers espousing ridiculous pseudoscience ideology and wrongly claiming themselves to be ""Greenpeace (co)-founders"" seems to be its whole own genre with you people. How many does this make? There must be hundreds by now!",2024-05-22T11:56:20.000Z,,,,22.0,en
The present shows it.,2024-05-23T01:14:18.000Z,,,,15.0,en
"And people get to see this in the background.That's water vapour, NOT CO2!",2024-05-23T13:43:03.000Z,,,2.0,17.0,en
"The point of a Green House, is to HELP plants grow Properly... So how is that a bad thing?",2024-05-23T00:01:53.000Z,,,,14.0,en
"heard the same from my good friend who does plant botanist. Thanks for speaking out DR Patrick. Never the less the start of the new economy was created "" green industrial revolution""",2024-05-22T12:50:18.000Z,,,,81.0,en
"Indeed, @EcoSenseNow and I believe it makes absolutely no sense trying to demonstrate alleged climate change attributed to anthropogenic CO2 (by an unverified model), by using daily weather variability of which little to no knowledge exists.",2024-05-22T09:18:49.000Z,,1.0,4.0,361.0,en
"Completely agree. CO2 is plant food. No plants, no human life. Simple.",2024-05-22T10:44:00.000Z,2.0,,4.0,206.0,en
Noooo,2024-05-22T13:14:29.000Z,,,,61.0,en
"So follow me on this: Climate Change hysteria is based upon human activities adding CO2 and other gasses to the atmosphere. Which they say, will cause the earth to warm and then kill us all. So what is the perfect balance of gasses in the atmosphere?",2024-05-22T16:44:03.000Z,1.0,,1.0,35.0,en
Completely agree....it's a hoax complete fraud....it's all about control over our lives,2024-05-22T18:50:34.000Z,,,,10.0,en
If it were real - we would be embracing nuclear power.  The fact they won't replace coal plants with nuclear plants is the red flag indicating the Climate Change movement is about control NOT energy.,2024-05-22T22:05:22.000Z,,,,23.0,en
What are his thoughts about methane?,2024-05-22T09:18:48.000Z,,,,219.0,en
Greenpeace founder no less…,2024-05-22T22:19:58.000Z,,,,19.0,en
"The west has ""DONATED""8 trillion or billion for south Africa to fight climate change by closing coal operating power stations.meanwhile we struggling with efficient power for our economy, meanwhile the EU was buying our coal secretly",2024-05-22T21:03:23.000Z,,,,25.0,en
"What’s the impact of war on climate change, they don’t check? Because less war means less control, so instead they focus on your food supply, your water, your electric, movement = more control!",2024-05-23T03:35:13.000Z,,,,10.0,en
"Interesting, considering who this man is.",2024-05-23T00:38:01.000Z,,,,16.0,en
Completely agree....it's a hoax complete fraud....it's all about control over our lives,2024-05-22T18:50:34.000Z,,,,10.0,en
If it were real - we would be embracing nuclear power.  The fact they won't replace coal plants with nuclear plants is the red flag indicating the Climate Change movement is about control NOT energy.,2024-05-22T22:05:22.000Z,,,,23.0,en
What are his thoughts about methane?,2024-05-22T09:18:48.000Z,,,,219.0,en
Greenpeace founder no less…,2024-05-22T22:19:58.000Z,,,,19.0,en
"The west has ""DONATED""8 trillion or billion for south Africa to fight climate change by closing coal operating power stations.meanwhile we struggling with efficient power for our economy, meanwhile the EU was buying our coal secretly",2024-05-22T21:03:23.000Z,,,,25.0,en
"What’s the impact of war on climate change, they don’t check? Because less war means less control, so instead they focus on your food supply, your water, your electric, movement = more control!",2024-05-23T03:35:13.000Z,,,,10.0,en
"Interesting, considering who this man is.",2024-05-23T00:38:01.000Z,,,,16.0,en
Is he kidding????? Look around buddy,2024-05-23T22:26:37.000Z,1.0,,,33.0,en
He knows.,2024-05-23T20:35:48.000Z,,,,8.0,en
"Hear, hear!  I've been saying the same thing for a decade or so, but without the voice of Dr. Moore.",2024-05-23T01:00:18.000Z,,,,35.0,en
"Yes, this à fairytale. The Earth can easily support 20 billions people. Just need à good management and no politiciens. And people will eat à réal meat if they wish.",2024-05-22T15:27:02.000Z,,,,62.0,en
Must read: Confessions of a Greenpeace Dropout,2024-05-25T12:17:42.000Z,,,,10.0,en
Same object as the Covid hysteria.,2024-05-23T01:15:40.000Z,,1.0,1.0,39.0,en
Isn’t this the dude that refused to drink Monsanto round up pesticide after claiming it was healthy and anyone could chug a glass of it and remain unharmed?,2024-05-22T13:17:25.000Z,,,3.0,89.0,en
Thank you,2024-05-22T15:57:42.000Z,,,,50.0,en
"Agree -  what a racket!  If you wanna make big bucks, get into the climate racket !",2024-05-23T11:50:53.000Z,,,,6.0,en
,2024-05-22T09:25:47.000Z,,,1.0,217.0,en
FX Furu’s if you need any advice holla this man,2024-05-22T23:45:39.000Z,,,,24.0,en
Its an international money grab.,2024-05-22T11:59:07.000Z,,,3.0,135.0,en
Greenpeace founder was the one who started it but now he cannot control it,2024-05-24T05:45:15.000Z,,,,1.0,en
Follow the money from the beginning. This isn't hard.,2024-05-23T03:56:11.000Z,,,,16.0,en
The worldwide money grab.,2024-05-22T14:47:39.000Z,,,,56.0,en
Why do we not hear this spoken more regularly?,2024-05-22T14:15:51.000Z,,,,27.0,en
True but he’s never been a great source.,2024-05-22T22:10:23.000Z,,,1.0,26.0,en
What is climate? A collection of expectations / Leonard A. Smith,2024-05-22T19:37:57.000Z,,,,30.0,en
Surprising..,2024-05-22T20:18:23.000Z,,,,48.0,en
...deliberate fabrication with an agenda...,2024-05-22T13:52:28.000Z,,,1.0,49.0,en
Of course,2024-05-24T03:38:48.000Z,,,,10.0,en
Agreed,2024-05-22T13:31:25.000Z,,,,61.0,en
Yup,2024-05-23T00:33:42.000Z,,,,23.0,en
Wow,2024-05-22T22:13:52.000Z,,,,21.0,en
One big money laundering operation.,2024-05-24T02:53:53.000Z,,,,4.0,en
what is that building behind him?,2024-05-23T12:33:07.000Z,,,,6.0,en
We know,2024-05-22T23:54:51.000Z,,,,15.0,en
Like the holes in the ozone scare?,2024-05-22T13:21:56.000Z,,,,30.0,en
Just like CovidGone,2024-05-22T09:40:27.000Z,,,1.0,136.0,en
Omg I’ve been in cities where the air is so bad it kills people and people with asthma go to the ER!,2024-05-23T02:34:42.000Z,,,1.0,17.0,en
,2024-05-22T09:25:47.000Z,,1.0,217.0,,en
FX Furu’s if you need any advice holla this man,2024-05-22T23:45:39.000Z,,,,24.0,en
Its an international money grab.,2024-05-22T11:59:07.000Z,,,3.0,135.0,en
Greenpeace founder was the one who started it but now he cannot control it,2024-05-24T05:45:15.000Z,,,,1.0,en
Follow the money from the beginning. This isn't hard.,2024-05-23T03:56:11.000Z,,,,16.0,en
The worldwide money grab.,2024-05-22T14:47:39.000Z,,,,56.0,en
Why do we not hear this spoken more regularly?,2024-05-22T14:15:51.000Z,,,,27.0,en
True but he’s never been a great source.,2024-05-22T22:10:23.000Z,,,1.0,26.0,en
What is climate? A collection of expectations / Leonard A. Smith,2024-05-22T19:37:57.000Z,,,,30.0,en
Surprising..,2024-05-22T20:18:23.000Z,,,,48.0,en
...deliberate fabrication with an agenda...,2024-05-22T13:52:28.000Z,,,1.0,49.0,en
Of course,2024-05-24T03:38:48.000Z,,,,10.0,en
Agreed,2024-05-22T13:31:25.000Z,,,,61.0,en
Yup,2024-05-23T00:33:42.000Z,,,,23.0,en
Wow,2024-05-22T22:13:52.000Z,,,,21.0,en
One big money laundering operation.,2024-05-24T02:53:53.000Z,,,,4.0,en
what is that building behind him?,2024-05-23T12:33:07.000Z,,,,6.0,en
We know,2024-05-22T23:54:51.000Z,,,,15.0,en
Like the holes in the ozone scare?,2024-05-22T13:21:56.000Z,,,,30.0,en
Just like CovidGone,2024-05-22T09:40:27.000Z,,,1.0,136.0,en
Omg I’ve been in cities where the air is so bad it kills people and people with asthma go to the ER!,2024-05-23T02:34:42.000Z,,,1.0,17.0,en
He's right.,2024-05-22T08:54:34.000Z,,,3.0,255.0,en
My man!,2024-05-22T10:36:04.000Z,,,1.0,173.0,en
Yes it was for purpose of controlling energy sector. Who controls energy controls the world.,2024-05-22T11:40:51.000Z,,,2.0,117.0,en
"Liar for sale to the highest bidder, Patrick Moore.",2024-05-22T08:49:23.000Z,,,3.0,249.0,en
@MonaKeijzer  @VVD  @PieterOmtzigt  @leondejong  @2eKamertweets,2024-05-22T10:38:52.000Z,,,1.0,109.0,en
@dferris1961,2024-05-22T12:01:00.000Z,,,1.0,86.0,en
Their plan is to ‘make it so’ with: cloud seeding; HAARP; the deliberate degradation of soil; (partially) blocking out the sun; etc.. The AGW/ carbon propaganda is about pre-programming the acceptance of the response (global fascism) to the upcoming manufactured crises.,2024-05-22T08:32:52.000Z,,2.0,1.0,205.0,en
"Exactly, it’s about money. They don’t seem to take enough money from us. They always look for more ways to make us pay for everything they own.",2024-05-22T15:54:22.000Z,,,2.0,35.0,en
"I was wondering where Green Peace was?  Fully agree, stealing of Trillions for nonsense.  We have wasted 20 years on this.",2024-05-22T13:18:26.000Z,,,1.0,44.0,en
"That's exactly why they predicted that, with incr. CO2 the earth would either heat up or the Gulf Stream would come to a standstill and it would become bitterly cold. They are always right with this ""prediction"" Why doesn't anyone realize that such ""modeling"" has no value at all?",2024-05-22T17:46:33.000Z,,2.0,2.0,96.0,en
I am with you on this 100%.,2024-05-24T03:43:28.000Z,,,,6.0,en
To @BBCJustinR,2024-05-22T12:00:36.000Z,,,,106.0,en
The real environmentalist finally arrive!,2024-05-22T09:28:52.000Z,,,,140.0,en
Indubitably.,2024-05-22T11:33:49.000Z,,,1.0,54.0,en
@NZNationalParty  @nzfirst  @RB_ACTNZ,2024-05-22T21:05:10.000Z,,,,153.0,en
Keep saying it!,2024-05-23T11:31:56.000Z,,,,11.0,en
Yup it was and is.,2024-05-22T14:06:51.000Z,,,,61.0,en
,2024-05-22T10:41:31.000Z,,,,95.0,en
Wow,2024-05-23T07:32:28.000Z,,,,14.0,en
Yep!,2024-05-23T11:48:47.000Z,,,,11.0,en
My man!,2024-05-22T10:36:04.000Z,,1.0,173.0,,en
Yes it was for purpose of controlling energy sector. Who controls energy controls the world.,2024-05-22T11:40:51.000Z,,,2.0,117.0,en
"Liar for sale to the highest bidder, Patrick Moore.",2024-05-22T08:49:23.000Z,,,3.0,249.0,en
@MonaKeijzer  @VVD  @PieterOmtzigt  @leondejong  @2eKamertweets,2024-05-22T10:38:52.000Z,,,1.0,109.0,en
@dferris1961,2024-05-22T12:01:00.000Z,,,1.0,86.0,en
Their plan is to ‘make it so’ with: cloud seeding; HAARP; the deliberate degradation of soil; (partially) blocking out the sun; etc.. The AGW/ carbon propaganda is about pre-programming the acceptance of the response (global fascism) to the upcoming manufactured crises.,2024-05-22T08:32:52.000Z,,2.0,1.0,205.0,en
"Exactly, it’s about money. They don’t seem to take enough money from us. They always look for more ways to make us pay for everything they own.",2024-05-22T15:54:22.000Z,,,2.0,35.0,en
"I was wondering where Green Peace was?  Fully agree, stealing of Trillions for nonsense.  We have wasted 20 years on this.",2024-05-22T13:18:26.000Z,,,1.0,44.0,en
"That's exactly why they predicted that, with incr. CO2 the earth would either heat up or the Gulf Stream would come to a standstill and it would become bitterly cold. They are always right with this ""prediction"" Why doesn't anyone realize that such ""modeling"" has no value at all?",2024-05-22T17:46:33.000Z,,2.0,2.0,96.0,en
I am with you on this 100%.,2024-05-24T03:43:28.000Z,,,,6.0,en
To @BBCJustinR,2024-05-22T12:00:36.000Z,,,,106.0,en
The real environmentalist finally arrive!,2024-05-22T09:28:52.000Z,,,,140.0,en
Indubitably.,2024-05-22T11:33:49.000Z,,,1.0,54.0,en
@NZNationalParty  @nzfirst  @RB_ACTNZ,2024-05-22T21:05:10.000Z,,,,153.0,en
Keep saying it!,2024-05-23T11:31:56.000Z,,,,11.0,en
Yup it was and is.,2024-05-22T14:06:51.000Z,,,,61.0,en
,2024-05-22T10:41:31.000Z,,,,95.0,en
Wow,2024-05-23T07:32:28.000Z,,,,14.0,en
Yep!,2024-05-23T11:48:47.000Z,,,,11.0,en
,2024-05-22T09:47:33.000Z,,,,111.0,en
Yep!,2024-05-24T03:27:08.000Z,,,,8.0,en
Agreed,2024-05-22T10:56:27.000Z,,,,91.0,en
@jamespratt1994,2024-05-23T18:37:53.000Z,,,,10.0,en
Yep,2024-05-22T13:57:30.000Z,,,,59.0,en
Ja.,2024-05-23T11:07:29.000Z,,,,14.0,en
Exactly,2024-05-22T21:55:13.000Z,,,,27.0,en
?,2024-05-22T19:31:33.000Z,,,,26.0,en
To line pockets of the hoax creators!,2024-05-22T14:37:03.000Z,,,1.0,28.0,en
@1234Fit,2024-05-22T14:48:13.000Z,,,1.0,19.0,en
"Well stated Dr. Moore.  A man after my own heart, now all we need to do is get more prominent people outing the Hoax.",2024-05-24T06:30:26.000Z,,,2.0,3.0,en
"Any political figure, CEO or other person that uses the words ""Climate change"" or ""sustainable development"" in a sentence is a CON MAN/WOMAN and should be immediately removed from positions of influence.",2024-05-22T21:53:14.000Z,,1.0,1.0,18.0,en
CO2 is plant food!It is not rocket science!,2024-05-22T16:23:06.000Z,1.0,,,10.0,en
"In the future, they will look at ""man made climate change"" in the same way we look at the belief the earth was flat by the consensus in the past.",2024-05-22T10:11:35.000Z,,2.0,,26.0,en
THE BIG LIE,2024-05-25T12:56:38.000Z,,,4.0,54.0,en
I’ll just leave this stuff here...,2024-05-22T11:29:00.000Z,,3.0,4.0,106.0,en
,2024-05-23T05:15:37.000Z,,,1.0,6.0,en
@JaneCaro,2024-05-23T14:46:31.000Z,,,1.0,6.0,en
?,2024-05-22T19:31:33.000Z,,,26.0,,en
To line pockets of the hoax creators!,2024-05-22T14:37:03.000Z,,,1.0,28.0,en
@1234Fit,2024-05-22T14:48:13.000Z,,,1.0,19.0,en
"Well stated Dr. Moore.  A man after my own heart, now all we need to do is get more prominent people outing the Hoax.",2024-05-24T06:30:26.000Z,,,2.0,3.0,en
"Any political figure, CEO or other person that uses the words ""Climate change"" or ""sustainable development"" in a sentence is a CON MAN/WOMAN and should be immediately removed from positions of influence.",2024-05-22T21:53:14.000Z,,1.0,1.0,18.0,en
CO2 is plant food!It is not rocket science!,2024-05-22T16:23:06.000Z,1.0,,,10.0,en
"In the future, they will look at ""man made climate change"" in the same way we look at the belief the earth was flat by the consensus in the past.",2024-05-22T10:11:35.000Z,,2.0,,26.0,en
THE BIG LIE,2024-05-25T12:56:38.000Z,,,4.0,54.0,en
I’ll just leave this stuff here...,2024-05-22T11:29:00.000Z,,3.0,4.0,106.0,en
,2024-05-23T05:15:37.000Z,,,1.0,6.0,en
@JaneCaro,2024-05-23T14:46:31.000Z,,,1.0,6.0,en
"@RoyalFamily  @RoyalNavy Was big mistake giving this guy & greenpeace a place to hide out in Sandy Point, NS 1975-1979. Big mistake letting his followers commit so many deadly crimes on my friends. I want your ""franco witches"" deported. Pay my dues and deport the witches. Merci.",2024-05-26T14:59:17.000Z,,,1.0,19.0,en
"Here you go, making it really easy for you to do the right thing @CBCNews , @globalnews , @CTVNews .",2024-05-22T19:05:46.000Z,,1.0,,22.0,en
Perfect explanation which should easily show every single person on earth that without carbon dioxide …this will be a “dead planet.” Time to wake up for the sake of our children and grandchildren.,2024-05-24T03:54:28.000Z,,,2.0,3.0,en
@GreenpeaceUK,2024-05-22T12:50:57.000Z,,,1.0,27.0,en
If dire climate change was real we would have seen dramatic results by now. After 50 years of crying wolf we know it's simply wrong.,2024-05-23T12:16:33.000Z,,,1.0,14.0,en
"Never mind man made climate change, magnetic field reversal and sun flares will kill us off first.They also contribute to .... climate change.",2024-05-22T12:21:45.000Z,,,1.0,22.0,en
"In the future, they will look at ""man made climate change"" in the same way we look at the belief the earth was flat by the consensus in the past.",2024-05-22T10:11:35.000Z,2.0,,26.0,,en
THE BIG LIE,2024-05-25T12:56:38.000Z,,,4.0,54.0,en
I’ll just leave this stuff here...,2024-05-22T11:29:00.000Z,,3.0,4.0,106.0,en
,2024-05-23T05:15:37.000Z,,,1.0,6.0,en
@JaneCaro,2024-05-23T14:46:31.000Z,,,1.0,6.0,en
"@RoyalFamily  @RoyalNavy Was big mistake giving this guy & greenpeace a place to hide out in Sandy Point, NS 1975-1979. Big mistake letting his followers commit so many deadly crimes on my friends. I want your ""franco witches"" deported. Pay my dues and deport the witches. Merci.",2024-05-26T14:59:17.000Z,,,1.0,19.0,en
"Here you go, making it really easy for you to do the right thing @CBCNews , @globalnews , @CTVNews .",2024-05-22T19:05:46.000Z,,1.0,,22.0,en
Perfect explanation which should easily show every single person on earth that without carbon dioxide …this will be a “dead planet.” Time to wake up for the sake of our children and grandchildren.,2024-05-24T03:54:28.000Z,,,2.0,3.0,en
@GreenpeaceUK,2024-05-22T12:50:57.000Z,,,1.0,27.0,en
If dire climate change was real we would have seen dramatic results by now. After 50 years of crying wolf we know it's simply wrong.,2024-05-23T12:16:33.000Z,,,1.0,14.0,en
"Never mind man made climate change, magnetic field reversal and sun flares will kill us off first.They also contribute to .... climate change.",2024-05-22T12:21:45.000Z,,,1.0,22.0,en
Well said. Finally someone speaking truth. Wonder if the BBC would allow this honest man to speak on their show? No chance!! #David Bellamy,2024-05-22T13:16:54.000Z,,,,14.0,en
@s_guilbeault louder for this clown to hear,2024-05-22T21:13:29.000Z,,,,5.0,en
"When elitist, politicians and billionaires are the ones pushing hard on climate change policies, you really should be stepping back and asking yourself 'What's the real aim of this movement?'",2024-05-22T18:59:56.000Z,,,,8.0,en
And undersecretary of science in Obama Admin agrees.,2024-05-25T23:16:33.000Z,,,2.0,6.0,en
"Wow.  That's blunt and clear.Likewise the idea a person can be ""born in the wrong body."" Totally insane, and zero supporting evidence.  They just made it up from their imaginations, then assert it with 100% confidence as fact, and want to punish anyone who even questions it.",2024-05-22T23:43:05.000Z,,,1.0,4.0,en
@CBS 42 years ago and today (see next post) they are calling these glaciers “doomsday glaciers” climate change is the biggest tax scam in world history.,2024-05-28T07:13:35.000Z,1.0,,,22.0,en
"Correct.  It is hysteria meant to destroy, to reduce populations and concentrate wealth.",2024-05-22T11:44:22.000Z,,,,27.0,en
Yep...,2024-05-24T01:24:36.000Z,,,,1.0,en
Spot on,2024-05-22T09:42:42.000Z,,,1.0,13.0,en
And undersecretary of science in Obama Admin agrees.,2024-05-25T23:16:33.000Z,,2.0,6.0,,en
"Wow.  That's blunt and clear.Likewise the idea a person can be ""born in the wrong body."" Totally insane, and zero supporting evidence.  They just made it up from their imaginations, then assert it with 100% confidence as fact, and want to punish anyone who even questions it.",2024-05-22T23:43:05.000Z,,,1.0,4.0,en
@CBS 42 years ago and today (see next post) they are calling these glaciers “doomsday glaciers” climate change is the biggest tax scam in world history.,2024-05-28T07:13:35.000Z,1.0,,,22.0,en
"Correct.  It is hysteria meant to destroy, to reduce populations and concentrate wealth.",2024-05-22T11:44:22.000Z,,,,27.0,en
Yep...,2024-05-24T01:24:36.000Z,,,,1.0,en
Spot on,2024-05-22T09:42:42.000Z,,,1.0,13.0,en
,2024-05-22T16:34:44.000Z,,,,2.0,en
"Yeah, but in 50 years time when so much damage to society, our freedoms, our liberties and lives has already been done.Let’s not let that happen! We have the opportunity to prevent this catastrophe from taking place.",2024-05-22T08:49:20.000Z,,,,15.0,en
In total agreement! Patrick Moore is a champion!,2024-05-23T04:05:28.000Z,,,1.0,2.0,en
One can certainly respect Dr. Moore for keeping an open mind and demonstrating integrity.   It likely cost him dearly financially and socially.,2024-05-22T19:27:35.000Z,,,,2.0,en
Absolute hoax designed to destroy the middle cast.,2024-05-24T22:41:45.000Z,,,,2.0,en
All this hysteria over CO2. Don’t hear much about industrial pollution anymore.,2024-05-25T13:25:11.000Z,,,,2.0,en
That's going to upset legions of climate change fanatics. Watch out for effigies of Dr Moore being burned by these sheep.,2024-05-22T16:20:37.000Z,,,,2.0,en
Wow. Common sense. Thank you Doctor.,2024-05-22T21:56:35.000Z,,,,8.0,en
"Carbon dioxide invigorates the biosphere and is beneficial for a life on this planet. https:// =i51SKMzGxTTjykwu … carbon dioxide is not a pollutant, and it does not drive climate, nor is it the thermostat of our planet.",2024-05-23T17:41:26.000Z,,1.0,3.0,20.0,en
Newly awakened citizens are of the mind that the future will show that every hysteria is a fabrication of the global elites so they can profit from it. Think Gates with vaccine and fake meat investments. Soros with wanting to buy up the judicial system defund the police and so on,2024-05-23T03:39:05.000Z,,,1.0,1.0,en
"Yeah, but in 50 years time when so much damage to society, our freedoms, our liberties and lives has already been done.Let’s not let that happen! We have the opportunity to prevent this catastrophe from taking place.",2024-05-22T08:49:20.000Z,,,15.0,,en
In total agreement! Patrick Moore is a champion!,2024-05-23T04:05:28.000Z,,,1.0,2.0,en
One can certainly respect Dr. Moore for keeping an open mind and demonstrating integrity.   It likely cost him dearly financially and socially.,2024-05-22T19:27:35.000Z,,,,2.0,en
Absolute hoax designed to destroy the middle cast.,2024-05-24T22:41:45.000Z,,,,2.0,en
All this hysteria over CO2. Don’t hear much about industrial pollution anymore.,2024-05-25T13:25:11.000Z,,,,2.0,en
That's going to upset legions of climate change fanatics. Watch out for effigies of Dr Moore being burned by these sheep.,2024-05-22T16:20:37.000Z,,,,2.0,en
Wow. Common sense. Thank you Doctor.,2024-05-22T21:56:35.000Z,,,,8.0,en
"Carbon dioxide invigorates the biosphere and is beneficial for a life on this planet. https:// =i51SKMzGxTTjykwu … carbon dioxide is not a pollutant, and it does not drive climate, nor is it the thermostat of our planet.",2024-05-23T17:41:26.000Z,,1.0,3.0,20.0,en
Newly awakened citizens are of the mind that the future will show that every hysteria is a fabrication of the global elites so they can profit from it. Think Gates with vaccine and fake meat investments. Soros with wanting to buy up the judicial system defund the police and so on,2024-05-23T03:39:05.000Z,,,1.0,1.0,en
I that Dr Patrick Moore is here. We need Co2.,2024-05-23T23:46:50.000Z,,,,2.0,en
This is like when Austin Powers was surprised to find out Liberace was gay.,2024-05-23T00:40:35.000Z,,,,6.0,en
All about the $$$,2024-05-24T00:32:12.000Z,,,1.0,2.0,en
Everyone knows this now. It’s just an excuse for Marxism,2024-05-22T12:22:59.000Z,,,,7.0,en
The example of Greenpeace clearly shows how dictatorships turn any public organizations and movements into their weapons aimed at destroying democracies.,2024-05-22T12:12:29.000Z,,,1.0,10.0,en
Climate change is a scam. #cdnpoli,2024-05-22T11:51:50.000Z,,,,6.0,en
Climate hysteria is intellectual confetti to be sprayed in your face while Palestinians are genocided,2024-05-22T08:10:17.000Z,,,2.0,28.0,en
Finally the truth .    Thank you Dr Moore,2024-05-23T00:43:14.000Z,,,,3.0,en
"@Ed_Miliband learn from this man,  you corrupt liar globalist.",2024-05-22T08:26:08.000Z,1.0,,1.0,15.0,en
"Youtube puts a propaganda note on videos that have discussions surrounding ""environment"" and whether warming is even happening.  The link lands on a U.N. misinformation site. Horrific.",2024-05-25T06:45:55.000Z,,,1.0,2.0,en
Just like Covid,2024-05-23T08:43:55.000Z,,,1.0,1.0,en
"And I get told repeatedly that I'm a denier and deluded etc, to me it's basic common sense, plants need CO2 so how is CO2 bad?",2024-05-22T10:20:18.000Z,,,,3.0,en
Climate change is a fabrication! They've been talking about it for 40 f****** years and it makes no sense to this day. But heaven forbid should they discuss the vaccine injured or the deceased people and their bereaved families! The vaccine needs to be destroyed,2024-05-23T01:13:09.000Z,,,1.0,6.0,en
Why you dont report that he work for the bigges big Oil Lobby Company in the World? Heartland,2024-05-22T15:33:24.000Z,,,,1.0,en
"The Victor's write the His(s)tory books so it depends.If we let them win, then the scam will never be revealed to the masses who will be living in a heavily carbon taxed, dystopian world.The answer isn't changing government, that ship has sailed. The answer is removing them.",2024-05-22T08:40:23.000Z,,,1.0,21.0,en
The sheeple need to wake up,2024-05-22T22:48:13.000Z,,,,3.0,en
Oh gosh a hoax.  Someone please tell Greta and Al gore the ultimate grifter that has made millions on the hoax.,2024-05-22T22:00:17.000Z,,,,12.0,en
"THIS is clear to most intelligent people, after hearing from REAL CLIMATE SCIENTISTS (not just Al Gore), that this ""Global Warming"" was just a catalyst for Dictorship of the World i.e. NWO.  Politicians on the Marxist Left have embraced it like @JoeBiden , @GavinNewsom , et al",2024-05-22T08:14:23.000Z,,1.0,1.0,32.0,en
melts fear & bs on contact!,2024-05-25T08:15:07.000Z,1.0,1.0,3.0,156.0,en
Of course it is - anyone with common sense and a functioning brain knows this another government scheme for politicians to get rich.,2024-05-22T19:59:45.000Z,,,1.0,4.0,en
"Youtube puts a propaganda note on videos that have discussions surrounding ""environment"" and whether warming is even happening.  The link lands on a U.N. misinformation site. Horrific.",2024-05-25T06:45:55.000Z,,1.0,2.0,,en
Just like Covid,2024-05-23T08:43:55.000Z,,,1.0,1.0,en
"And I get told repeatedly that I'm a denier and deluded etc, to me it's basic common sense, plants need CO2 so how is CO2 bad?",2024-05-22T10:20:18.000Z,,,,3.0,en
Climate change is a fabrication! They've been talking about it for 40 f****** years and it makes no sense to this day. But heaven forbid should they discuss the vaccine injured or the deceased people and their bereaved families! The vaccine needs to be destroyed,2024-05-23T01:13:09.000Z,,,1.0,6.0,en
Why you dont report that he work for the bigges big Oil Lobby Company in the World? Heartland,2024-05-22T15:33:24.000Z,,,,1.0,en
"The Victor's write the His(s)tory books so it depends.If we let them win, then the scam will never be revealed to the masses who will be living in a heavily carbon taxed, dystopian world.The answer isn't changing government, that ship has sailed. The answer is removing them.",2024-05-22T08:40:23.000Z,,,1.0,21.0,en
The sheeple need to wake up,2024-05-22T22:48:13.000Z,,,,3.0,en
Oh gosh a hoax.  Someone please tell Greta and Al gore the ultimate grifter that has made millions on the hoax.,2024-05-22T22:00:17.000Z,,,,12.0,en
"THIS is clear to most intelligent people, after hearing from REAL CLIMATE SCIENTISTS (not just Al Gore), that this ""Global Warming"" was just a catalyst for Dictorship of the World i.e. NWO.  Politicians on the Marxist Left have embraced it like @JoeBiden , @GavinNewsom , et al",2024-05-22T08:14:23.000Z,,1.0,1.0,32.0,en
melts fear & bs on contact!,2024-05-25T08:15:07.000Z,1.0,1.0,3.0,156.0,en
Of course it is - anyone with common sense and a functioning brain knows this another government scheme for politicians to get rich.,2024-05-22T19:59:45.000Z,,,1.0,4.0,en
Well of course it is.. shocks me every day that people are stupid enough to buy into and of these farces!,2024-05-23T07:16:35.000Z,,,,6.0,en
"You don’t have to look to the future to see the climate scam just look at the past. Acid rain, big freeze, rising ocean levels. All debunked as false and that’s just a small example at how climate alarmist want to control your life.",2024-05-22T13:00:58.000Z,,,1.0,46.0,en
The glyphosate guy?,2024-05-22T14:55:43.000Z,,,,23.0,en
Why do video clips of power stations always show water cooling towers emitting water vapour as pollution.,2024-05-22T09:05:50.000Z,,,,8.0,en
It is in your nature to destroy yourselves. -Terminator,2024-05-22T08:15:11.000Z,,,,21.0,en
It already has been shown that it’s a fabrication,2024-05-23T00:33:34.000Z,,,,3.0,en
"But, but ......",2024-05-22T15:51:03.000Z,,,,5.0,en
We all know it. Stop paying taxes. These people are grifting douchebags.,2024-05-22T16:25:42.000Z,,,,1.0,en
Well of course it is.. shocks me every day that people are stupid enough to buy into and of these farces!,2024-05-23T07:16:35.000Z,,,6.0,,en
"You don’t have to look to the future to see the climate scam just look at the past. Acid rain, big freeze, rising ocean levels. All debunked as false and that’s just a small example at how climate alarmist want to control your life.",2024-05-22T13:00:58.000Z,,,1.0,46.0,en
The glyphosate guy?,2024-05-22T14:55:43.000Z,,,,23.0,en
Why do video clips of power stations always show water cooling towers emitting water vapour as pollution.,2024-05-22T09:05:50.000Z,,,,8.0,en
It is in your nature to destroy yourselves. -Terminator,2024-05-22T08:15:11.000Z,,,,21.0,en
It already has been shown that it’s a fabrication,2024-05-23T00:33:34.000Z,,,,3.0,en
"But, but ......",2024-05-22T15:51:03.000Z,,,,5.0,en
We all know it. Stop paying taxes. These people are grifting douchebags.,2024-05-22T16:25:42.000Z,,,,1.0,en
@EamonRyan it's all going to come out use are full of shit,2024-05-22T19:58:27.000Z,,,1.0,5.0,en
CO2 “We're done talking about this” Endocannabinoid-System  https:// R3jEE …,2024-05-23T15:57:29.000Z,,,,3.0,en
#CitizenLawfare  #RedPill  @FFCR  @SMU  @Prageru  @hillsdale  @elonmusk  @LibertyU  @newsmax  @RNCResearch  @BrighamYoungU  @FFYR  @BJUedu  @cedarville  @my_ccu  @ngreenvilleuniv,2024-05-23T20:32:59.000Z,,,,,en
ㅌㅇㅌ 가지고 여자 찾고계신w 성인 분들께선 @yadongman1987 고정트윗 읽어보세여....,2024-05-22T19:24:03.000Z,,,,1.0,en
